Thumbnail,Title,Description,Member,Avatar,Time,Link
img/gg_title.png,공지,,꾸티뉴,img/ggutinho.png,06.17 15:47,https://www.sooplive.com/station/aksen7833/post/198909599
https://stimg.sooplive.com/NORMAL_BBS/0/9174070/59816a310ac51ae8a.png,꾸한성 공지,,꾸티뉴,img/ggutinho.png,06.16 17:35,https://www.sooplive.com/station/aksen7833/post/198827479
img/gg_title.png,공지,,꾸티뉴,img/ggutinho.png,06.16 15:05,https://www.sooplive.com/station/aksen7833/post/198818357
https://stimg.sooplive.com/NORMAL_BBS/9/20194549/78976a3368368d52f.png,5시쯤,,야무지,img/yamuzi.png,06.18 12:39,https://www.sooplive.com/station/land4968/post/198989333
img/gg_title.png,8시,,야무지,img/yamuzi.png,06.17 17:39,https://www.sooplive.com/station/land4968/post/198916729
https://stimg.sooplive.com/NORMAL_BBS/9/20194549/89226a31030e41a15.png,6시,,야무지,img/yamuzi.png,06.16 17:04,https://www.sooplive.com/station/land4968/post/198825313
img/gg_title.png,곧,,야무지,img/yamuzi.png,06.15 18:51,https://www.sooplive.com/station/land4968/post/198744219
img/gg_title.png,0618 메요일^.^,,엔쥬,img/enju.png,06.18 09:04,https://www.sooplive.com/station/northpole/post/198982845
img/gg_title.png,0617 ㅇㅁㄴ,,엔쥬,img/enju.png,06.17 10:29,https://www.sooplive.com/station/northpole/post/198897321
img/gg_title.png,0616,,엔쥬,img/enju.png,06.16 08:50,https://www.sooplive.com/station/northpole/post/198805279
img/gg_title.png,비상!!!!,,엔쥬,img/enju.png,06.15 16:57,https://www.sooplive.com/station/northpole/post/198735589
img/gg_title.png,오늘의 방송후기,,리카,img/lika.png,06.18 00:46,https://www.sooplive.com/station/lika07/post/198960163
https://stimg.sooplive.com/NORMAL_BBS/9/24945919/68056a32b34bef669.png,(6/16~6/21)리카의 이번주 일정표,,리카,img/lika.png,06.17 23:47,https://www.sooplive.com/station/lika07/post/198952857
img/gg_title.png,오늘의 방송 6시입니다~!,,리카,img/lika.png,06.17 17:13,https://www.sooplive.com/station/lika07/post/198914803
img/gg_title.png,오늘의 방송후기,,리카,img/lika.png,06.17 02:03,https://www.sooplive.com/station/lika07/post/198879357
img/gg_title.png,오늘의 방송 6시입니다~,,리카,img/lika.png,06.16 17:02,https://www.sooplive.com/station/lika07/post/198825215
img/gg_title.png,6월 18일 공지 🌟,,다뮤,img/damu.jpeg,06.18 07:45,https://www.sooplive.com/station/not15987/post/198981201
img/gg_title.png,방셀 배달로 금일 방송은 없습니다.,,다뮤,img/damu.jpeg,06.17 05:29,https://www.sooplive.com/station/not15987/post/198889867
img/gg_title.png,ㄸㄱㅁ!,,다뮤,img/damu.jpeg,06.16 17:50,https://www.sooplive.com/station/not15987/post/198828533
img/gg_title.png,6월 16일 공지 🌟,,다뮤,img/damu.jpeg,06.16 05:03,https://www.sooplive.com/station/not15987/post/198799759
img/gg_title.png,쌀레나 신청해씁니당 !,,딴딴2당,img/ttanttan.jpeg,06.17 21:26,https://www.sooplive.com/station/dbsk0708/post/198936505
img/gg_title.png,6.17,,딴딴2당,img/ttanttan.jpeg,06.17 15:47,https://www.sooplive.com/station/dbsk0708/post/198909609
img/gg_title.png,갑자기 꾸한성 아크 내전 머리로 할고같은데,,딴딴2당,img/ttanttan.jpeg,06.17 01:22,https://www.sooplive.com/station/dbsk0708/post/198875959
img/gg_title.png,6.16 휴방,,딴딴2당,img/ttanttan.jpeg,06.16 20:10,https://www.sooplive.com/station/dbsk0708/post/198841243
img/gg_title.png,6.15,,딴딴2당,img/ttanttan.jpeg,06.15 19:59,https://www.sooplive.com/station/dbsk0708/post/198750133
img/gg_title.png,바로 방송 킬게요!,,바먀,img/baamya.png,06.17 16:16,https://www.sooplive.com/station/wooyah21/post/198911353
img/gg_title.png,밤뱅공!,,바먀,img/baamya.png,06.16 16:28,https://www.sooplive.com/station/wooyah21/post/198823077
img/gg_title.png,부우우,,바먀,img/baamya.png,06.15 18:01,https://www.sooplive.com/station/wooyah21/post/198740275
img/gg_title.png,6.15,,서라0,img/서라0.jpg,06.16 03:38,https://www.sooplive.com/station/o0opha/post/198796211
img/gg_title.png,0618 주드배그교실+다이아섭입주,,임민트,img/mint.png,06.18 14:09,https://www.sooplive.com/station/mint616/post/198993117
img/gg_title.png,0616,,임민트,img/mint.png,06.17 02:14,https://www.sooplive.com/station/mint616/post/198880127
img/gg_title.png,0616 🎉🎁🎀,,임민트,img/mint.png,06.16 12:14,https://www.sooplive.com/station/mint616/post/198811347
img/gg_title.png,오늘 방송,,냥쏘,img/nangsso.png,06.18 09:53,https://www.sooplive.com/station/leesoi34/post/198983913
img/gg_title.png,트할님 쌀레나 신청했습니다 !,,냥쏘,img/nangsso.png,06.18 00:55,https://www.sooplive.com/station/leesoi34/post/198961193
img/gg_title.png,지수님 포켓몬서버 신청했습니다 !,,냥쏘,img/nangsso.png,06.18 00:46,https://www.sooplive.com/station/leesoi34/post/198960143
img/gg_title.png,오늘 방송 7시,,냥쏘,img/nangsso.png,06.17 18:48,https://www.sooplive.com/station/leesoi34/post/198921637
img/gg_title.png,오늘 방송 6시15분,,냥쏘,img/nangsso.png,06.16 17:46,https://www.sooplive.com/station/leesoi34/post/198828273
img/gg_title.png,오늘 방송 6시30분,,냥쏘,img/nangsso.png,06.15 17:49,https://www.sooplive.com/station/leesoi34/post/198739349
https://stimg.sooplive.com/NORMAL_BBS/7/19708217/52426a33a02b8d50f.png,김익순은 내편인가 느그편인가,,김옥독,img/okdok.png,06.18 16:37,https://www.sooplive.com/station/niniru/post/199000681
img/gg_title.png,0618 오늘방송,,김옥독,img/okdok.png,06.18 06:58,https://www.sooplive.com/station/niniru/post/198980171
img/gg_title.png,쌀레나 7회 추천 부탁드려용,,김옥독,img/okdok.png,06.17 22:20,https://www.sooplive.com/station/niniru/post/198942557
https://stimg.sooplive.com/NORMAL_BBS/7/19708217/16786a3223f8400e1.png,0617 오늘방송,,김옥독,img/okdok.png,06.17 13:35,https://www.sooplive.com/station/niniru/post/198903439
img/gg_title.png,⛺ 걷기 룰렛 오픈 ⛺,,김옥독,img/okdok.png,06.16 21:43,https://www.sooplive.com/station/niniru/post/198850791
img/gg_title.png,0616 오늘방송,,김옥독,img/okdok.png,06.16 15:05,https://www.sooplive.com/station/niniru/post/198818387
img/gg_title.png,6/18 공지,,윤타미,img/tami.png,06.18 08:56,https://www.sooplive.com/station/dbsthdus111/post/198982665
img/gg_title.png,쌀레나 신청했습니다! 따봉 한번씩만 부탁드립니다!!,,윤타미,img/tami.png,06.17 22:13,https://www.sooplive.com/station/dbsthdus111/post/198941867
img/gg_title.png,6/17 공지,,윤타미,img/tami.png,06.17 20:11,https://www.sooplive.com/station/dbsthdus111/post/198928619
img/gg_title.png,6/16 공지 (수정),,윤타미,img/tami.png,06.16 19:53,https://www.sooplive.com/station/dbsthdus111/post/198839285
img/gg_title.png,6/15 공지,,윤타미,img/tami.png,06.15 19:44,https://www.sooplive.com/station/dbsthdus111/post/198748761
img/gg_title.png,어 딴스터콜이래,,모야,img/moya.png,06.18 00:32,https://www.sooplive.com/station/neul0908/post/198958495
https://stimg.sooplive.com/NORMAL_BBS/0/28056590/78486a32bccfaf799.jpeg,으아아아ㅏ 비방인데,,모야,img/moya.png,06.18 00:28,https://www.sooplive.com/station/neul0908/post/198958085
img/gg_title.png,쌀레나 신청했습니다!!,,모야,img/moya.png,06.17 21:27,https://www.sooplive.com/station/neul0908/post/198936607
img/gg_title.png,오뱅공,,모야,img/moya.png,06.17 17:39,https://www.sooplive.com/station/neul0908/post/198916695
img/gg_title.png,오뱅공,,모야,img/moya.png,06.16 13:40,https://www.sooplive.com/station/neul0908/post/198814857
img/gg_title.png,오뱅공,,모야,img/moya.png,06.15 18:22,https://www.sooplive.com/station/neul0908/post/198741775
img/gg_title.png,오뱅공,,소심해,img/sosim.jpeg,06.18 12:09,https://www.sooplive.com/station/thtlago0607/post/198988293
img/gg_title.png,내일 방송 공지...,,소심해,img/sosim.jpeg,06.17 23:25,https://www.sooplive.com/station/thtlago0607/post/198950271
img/gg_title.png,미리쓰는 내뱅휴,,소심해,img/sosim.jpeg,06.16 20:07,https://www.sooplive.com/station/thtlago0607/post/198840877
img/gg_title.png,미리쓰는 오뱅공,,소심해,img/sosim.jpeg,06.15 22:28,https://www.sooplive.com/station/thtlago0607/post/198767131
img/gg_title.png,업 한 번씩만 부탁드립니다 !!,,소심해,img/sosim.jpeg,06.15 22:26,https://www.sooplive.com/station/thtlago0607/post/198766915
img/gg_title.png,휴방!,,김옥독,img/okdok.png,06.15 14:42,https://www.sooplive.com/station/niniru/post/198728077
img/gg_title.png,공지,,꾸티뉴,img/ggutinho.png,06.15 13:32,https://www.sooplive.com/station/aksen7833/post/198724769
img/gg_title.png,0615,,임민트,img/mint.png,06.15 13:09,https://www.sooplive.com/station/mint616/post/198723909
img/gg_title.png,0615,,엔쥬,img/enju.png,06.15 08:44,https://www.sooplive.com/station/northpole/post/198715733
img/gg_title.png,오뱅공,,모야,img/moya.png,06.15 09:02,https://www.sooplive.com/station/neul0908/post/198716101
https://stimg.sooplive.com/NORMAL_BBS/7/19708217/65766a2f0538bd816.png,😈꾸한성ㅣ멤버소개 [2025.06.15],,김옥독,img/okdok.png,06.15 04:52,https://www.sooplive.com/station/niniru/post/198710533
img/gg_title.png,생일축하 감사이벤뚜,,임민트,img/mint.png,06.16 15:54,https://www.sooplive.com/station/mint616/post/198820977
img/gg_title.png,또 공지 안 쓰고 방종했네 오뱅공,,소심해,img/sosim.jpeg,06.14 23:38,https://www.sooplive.com/station/thtlago0607/post/198687005
img/gg_title.png,6월 15일 공지 🌟,,다뮤,img/damu.jpeg,06.14 21:57,https://www.sooplive.com/station/not15987/post/198675675
img/gg_title.png,도파민 핀볼 합니다,,소심해,img/sosim.jpeg,06.14 22:02,https://www.sooplive.com/station/thtlago0607/post/198676199
img/gg_title.png,밤뱅휴..ㅠ,,바먀,img/baamya.png,06.14 19:34,https://www.sooplive.com/station/wooyah21/post/198660435
img/gg_title.png,6.14,,딴딴2당,img/ttanttan.jpeg,06.14 19:07,https://www.sooplive.com/station/dbsk0708/post/198658155
https://stimg.sooplive.com/NORMAL_BBS/4/29899844/10846a2e79506f658.png,소심해를 이겨라 2회차,,소심해,img/sosim.jpeg,06.14 18:50,https://www.sooplive.com/station/thtlago0607/post/198656545
img/gg_title.png,공지,,꾸티뉴,img/ggutinho.png,06.14 17:40,https://www.sooplive.com/station/aksen7833/post/198650665
img/gg_title.png,오늘 방송 휴방,,냥쏘,img/nangsso.png,06.14 18:05,https://www.sooplive.com/station/leesoi34/post/198652573
img/gg_title.png,6/14 공지,,윤타미,img/tami.png,06.14 17:55,https://www.sooplive.com/station/dbsthdus111/post/198651793
img/gg_title.png,"오늘,내일 방송 휴뱅입니다",,리카,img/lika.png,06.14 17:18,https://www.sooplive.com/station/lika07/post/198649007
https://stimg.sooplive.com/NORMAL_BBS/7/19708217/32846a2e5c2662c3b.jpg,0614 오늘방송 + 오운완,,김옥독,img/okdok.png,06.14 16:46,https://www.sooplive.com/station/niniru/post/198646539
img/gg_title.png,오뱅겅,,모야,img/moya.png,06.14 17:06,https://www.sooplive.com/station/neul0908/post/198648053
img/gg_title.png,오뱅 6!!,,소심해,img/sosim.jpeg,06.14 16:32,https://www.sooplive.com/station/thtlago0607/post/198645537
img/gg_title.png,6.13 - 6.14,,서라0,img/서라0.jpg,06.14 15:42,https://www.sooplive.com/station/o0opha/post/198642349
img/gg_title.png,뮤모닝,,다뮤,img/damu.jpeg,06.14 14:32,https://www.sooplive.com/station/not15987/post/198637597
img/gg_title.png,3시쯤,,야무지,img/yamuzi.png,06.14 13:22,https://www.sooplive.com/station/land4968/post/198633675
img/gg_title.png,0614,,임민트,img/mint.png,06.14 12:47,https://www.sooplive.com/station/mint616/post/198631567
img/gg_title.png,오늘의 방송후기,,리카,img/lika.png,06.14 03:51,https://www.sooplive.com/station/lika07/post/198613177
img/gg_title.png,어제 오늘 알찼당,,김옥독,img/okdok.png,06.14 03:23,https://www.sooplive.com/station/niniru/post/198611651
img/gg_title.png,6/13 공지,,윤타미,img/tami.png,06.13 20:57,https://www.sooplive.com/station/dbsthdus111/post/198571751
https://stimg.sooplive.com/NORMAL_BBS/4/29899844/20226a2d2d0493766.png,🍔 햄부기 이벤트 🍔,,소심해,img/sosim.jpeg,06.13 19:17,https://www.sooplive.com/station/thtlago0607/post/198561831
img/gg_title.png,밤뱅휴!,,바먀,img/baamya.png,06.13 17:48,https://www.sooplive.com/station/wooyah21/post/198553981
img/gg_title.png,휴방연장공지,,딴딴2당,img/ttanttan.jpeg,06.13 17:24,https://www.sooplive.com/station/dbsk0708/post/198552151
img/gg_title.png,오늘 방송 8시,,냥쏘,img/nangsso.png,06.13 17:28,https://www.sooplive.com/station/leesoi34/post/198552499
https://stimg.sooplive.com/NORMAL_BBS/0/28056590/86976a2d0d8bb7b34.jpeg,ksl 얏호!,,모야,img/moya.png,06.13 16:58,https://www.sooplive.com/station/neul0908/post/198550233
img/gg_title.png,오뱅공,,모야,img/moya.png,06.13 16:48,https://www.sooplive.com/station/neul0908/post/198549431
img/gg_title.png,0613 오늘방송,,김옥독,img/okdok.png,06.13 16:18,https://www.sooplive.com/station/niniru/post/198547261
img/gg_title.png,3시 30붐,,야무지,img/yamuzi.png,06.13 14:55,https://www.sooplive.com/station/land4968/post/198541719
img/gg_title.png,0613 오뱅,,임민트,img/mint.png,06.13 14:08,https://www.sooplive.com/station/mint616/post/198538851
img/gg_title.png,0613 휴,,엔쥬,img/enju.png,06.13 13:35,https://www.sooplive.com/station/northpole/post/198536921
img/gg_title.png,6.12,,서라0,img/서라0.jpg,06.13 04:12,https://www.sooplive.com/station/o0opha/post/198516749
img/gg_title.png,오늘의 방송후기,,리카,img/lika.png,06.13 04:00,https://www.sooplive.com/station/lika07/post/198516143
img/gg_title.png,엉아들,,서라0,img/서라0.jpg,06.16 01:23,https://www.sooplive.com/station/o0opha/post/198786465
img/gg_title.png,공지,,꾸티뉴,img/ggutinho.png,06.13 02:23,https://www.sooplive.com/station/aksen7833/post/198510089
img/gg_title.png,오뱅공 !!,,소심해,img/sosim.jpeg,06.13 01:15,https://www.sooplive.com/station/thtlago0607/post/198504601
img/gg_title.png,6/12 공지,,윤타미,img/tami.png,06.12 19:43,https://www.sooplive.com/station/dbsthdus111/post/198468835
img/gg_title.png,오늘의 방송 7시입니다~!,,리카,img/lika.png,06.12 17:24,https://www.sooplive.com/station/lika07/post/198457363
img/gg_title.png,대결이 꼴찌밤 도아주실 형님 계실까요 ㅠㅅㅠ,,바먀,img/baamya.png,06.12 16:42,https://www.sooplive.com/station/wooyah21/post/198454471
https://stimg.sooplive.com/NORMAL_BBS/0/27438490/61336a2bb1b2eb0dc.png,💎다모아 서버 : 48시간 다이아를 모으는 아이들💎,,다뮤,img/damu.jpeg,06.12 16:21,https://www.sooplive.com/station/not15987/post/198453163
img/gg_title.png,꾸한성 대결미션 CK .. 도와주세요 ㅠ_ㅠ,,냥쏘,img/nangsso.png,06.12 16:17,https://www.sooplive.com/station/leesoi34/post/198452819
img/gg_title.png,비상!!! 대결이 좀 도와주세요 형님ㅁ들,,모야,img/moya.png,06.12 16:17,https://www.sooplive.com/station/neul0908/post/198452875
https://stimg.sooplive.com/NORMAL_BBS/7/19708217/12826a2ba9c5519e8.png,4시 꾸한성 친목도모회,,김옥독,img/okdok.png,06.12 15:40,https://www.sooplive.com/station/niniru/post/198450761
https://stimg.sooplive.com/NORMAL_BBS/4/28053644/72476a2ba4e7309f2.png,오벵공!!,,바먀,img/baamya.png,06.12 15:19,https://www.sooplive.com/station/wooyah21/post/198449647
https://stimg.sooplive.com/NORMAL_BBS/0/20659830/80136a2ba5f0a618f.png,오늘 방송 3시45분,,냥쏘,img/nangsso.png,06.12 15:23,https://www.sooplive.com/station/leesoi34/post/198449893
https://stimg.sooplive.com/NORMAL_BBS/0/9174070/96016a2b9cdc8b2e3.png,공지,,꾸티뉴,img/ggutinho.png,06.12 14:45,https://www.sooplive.com/station/aksen7833/post/198448081
https://stimg.sooplive.com/NORMAL_BBS/9/20194549/92456a2b9a1d9724c.png,3시 쯤,,야무지,img/yamuzi.png,06.12 14:34,https://www.sooplive.com/station/land4968/post/198447623
img/gg_title.png,뮤다닥,,다뮤,img/damu.jpeg,06.12 13:53,https://www.sooplive.com/station/not15987/post/198445731
img/gg_title.png,0612 오늘방송,,김옥독,img/okdok.png,06.12 13:42,https://www.sooplive.com/station/niniru/post/198445309
img/gg_title.png,오뱅공,,모야,img/moya.png,06.12 13:49,https://www.sooplive.com/station/neul0908/post/198445591
img/gg_title.png,06123,,임민트,img/mint.png,06.12 12:43,https://www.sooplive.com/station/mint616/post/198442299
https://stimg.sooplive.com/NORMAL_BBS/3/24894353/13666a2bb56935cee.png,대결이 도움 조금만 주실 뿐....!,,엔쥬,img/enju.png,06.12 16:30,https://www.sooplive.com/station/northpole/post/198453645
https://stimg.sooplive.com/NORMAL_BBS/3/24894353/49536a2ba5a1b8edb.png,0612,,엔쥬,img/enju.png,06.12 15:24,https://www.sooplive.com/station/northpole/post/198449911
https://stimg.sooplive.com/NORMAL_BBS/0/20659830/55446a2b27c738084.png,히히 8티어 냥써,,냥쏘,img/nangsso.png,06.12 06:25,https://www.sooplive.com/station/leesoi34/post/198431359
img/gg_title.png,오뱅휴,,소심해,img/sosim.png,06.12 06:29,https://www.sooplive.com/station/thtlago0607/post/198431441
https://stimg.sooplive.com/NORMAL_BBS/9/24945919/93256a2b16519c851.png,오늘의 방송후기,,리카,img/lika.png,06.12 05:22,https://www.sooplive.com/station/lika07/post/198429763
img/gg_title.png,6.11,,서라0,img/서라0.jpg,06.12 05:35,https://www.sooplive.com/station/o0opha/post/198430105
img/gg_title.png,0612 복귀공지,,김옥독,img/okdok.png,06.12 02:27,https://www.sooplive.com/station/niniru/post/198421363
https://stimg.sooplive.com/NORMAL_BBS/0/9174070/59896a2a9cbfb4632.png,꾸한성 공지,,꾸티뉴,img/ggutinho.png,06.11 20:32,https://www.sooplive.com/station/aksen7833/post/198383663
img/gg_title.png,다시왔다,,임민트,img/mint.png,06.11 20:37,https://www.sooplive.com/station/mint616/post/198384259
https://stimg.sooplive.com/NORMAL_BBS/0/20659830/49196a2e83b121040.png,이름프로필 EVENT,,냥쏘,img/nangsso.png,06.14 19:36,https://www.sooplive.com/station/leesoi34/post/198660601
img/gg_title.png,6/11 공지,,윤타미,img/tami.png,06.11 19:45,https://www.sooplive.com/station/dbsthdus111/post/198379043
img/gg_title.png,쌀레나 up 부탁드립니다!,,바먀,img/baamya.png,06.11 18:38,https://www.sooplive.com/station/wooyah21/post/198372659
img/gg_title.png,공지,,꾸티뉴,img/ggutinho.png,06.11 18:10,https://www.sooplive.com/station/aksen7833/post/198370363
img/gg_title.png,6.11 숙제휴방,,딴딴2당,img/ttanttan.jpeg,06.11 18:34,https://www.sooplive.com/station/dbsk0708/post/198372281
img/gg_title.png,킴성태님 KSL 신청했습니다,,냥쏘,img/nangsso.png,06.11 18:32,https://www.sooplive.com/station/leesoi34/post/198372097
img/gg_title.png,오늘 방송 6시10분,,냥쏘,img/nangsso.png,06.11 17:33,https://www.sooplive.com/station/leesoi34/post/198367515
img/gg_title.png,오뱅휴,,모야,img/moya.png,06.11 17:18,https://www.sooplive.com/station/neul0908/post/198366159
https://stimg.sooplive.com/NORMAL_BBS/0/27438490/40436a2a6232b37f2.png,6월 11일 공지 🐿️,,다뮤,img/damu.jpeg,06.11 16:28,https://www.sooplive.com/station/not15987/post/198362719
img/gg_title.png,밤뱅공!,,바먀,img/baamya.png,06.11 16:01,https://www.sooplive.com/station/wooyah21/post/198360873
img/gg_title.png,점메추 + 괴식받아요,,임민트,img/mint.png,06.14 13:46,https://www.sooplive.com/station/mint616/post/198634861
img/gg_title.png,0611,,엔쥬,img/enju.png,06.11 14:22,https://www.sooplive.com/station/northpole/post/198355123
img/gg_title.png,KSL신청해씁니당!,,딴딴2당,img/ttanttan.jpeg,06.11 14:27,https://www.sooplive.com/station/dbsk0708/post/198355375
img/gg_title.png,6.10,,서라0,img/서라0.jpg,06.11 08:22,https://www.sooplive.com/station/o0opha/post/198341903
img/gg_title.png,‼비상비상비상‼,,김옥독,img/okdok.png,06.11 07:56,https://www.sooplive.com/station/niniru/post/198341339
img/gg_title.png,성태님 KSL 업 부탁드립니다!,,모야,img/moya.png,06.11 07:58,https://www.sooplive.com/station/neul0908/post/198341387
https://stimg.sooplive.com/NORMAL_BBS/0/28056590/21586a29e4520940c.png,홍신소를 마치며  -완-,,모야,img/moya.png,06.11 07:25,https://www.sooplive.com/station/neul0908/post/198340655
img/gg_title.png,오늘의 방송후기,,리카,img/lika.png,06.11 04:01,https://www.sooplive.com/station/lika07/post/198334869
https://stimg.sooplive.com/NORMAL_BBS/0/9174070/40826a29606d3524f.png,꾸놀 모집,,꾸티뉴,img/ggutinho.png,06.10 22:02,https://www.sooplive.com/station/aksen7833/post/198296781
https://stimg.sooplive.com/NORMAL_BBS/9/20194549/50546a296119cec51.png,꾸한성의 놀이터 들어와떠연 ㅎㅎ,,야무지,img/yamuzi.png,06.10 22:06,https://www.sooplive.com/station/land4968/post/198297261
img/gg_title.png,쌀레나 신청했습니다,,딴딴2당,img/ttanttan.jpeg,06.10 21:01,https://www.sooplive.com/station/dbsk0708/post/198288421
img/gg_title.png,6/10 공지,,윤타미,img/tami.png,06.10 20:14,https://www.sooplive.com/station/dbsthdus111/post/198282723
img/gg_title.png,6.10,,딴딴2당,img/ttanttan.jpeg,06.10 19:45,https://www.sooplive.com/station/dbsk0708/post/198279893
img/gg_title.png,휴방철회,,야무지,img/yamuzi.png,06.10 19:33,https://www.sooplive.com/station/land4968/post/198278661
img/gg_title.png,💙,,다뮤,img/damu.jpeg,06.10 17:15,https://www.sooplive.com/station/not15987/post/198267057
img/gg_title.png,오늘 6시 보이스 끝까지 봅니다!,,바먀,img/baamya.png,06.10 16:47,https://www.sooplive.com/station/wooyah21/post/198265139
https://stimg.sooplive.com/NORMAL_BBS/0/28056590/45726a2c67da4954e.png,일기 끄적끄적,,모야,img/moya.png,06.13 05:14,https://www.sooplive.com/station/neul0908/post/198519353
img/gg_title.png,공지,,꾸티뉴,img/ggutinho.png,06.10 16:30,https://www.sooplive.com/station/aksen7833/post/198264153
img/gg_title.png,오늘의 방송 2시 40분입니다~,,리카,img/lika.png,06.10 14:23,https://www.sooplive.com/station/lika07/post/198257199
img/gg_title.png,안녕하세요 수술이 잘 끝났습니다,,김옥독,img/okdok.png,06.10 14:18,https://www.sooplive.com/station/niniru/post/198256951
img/gg_title.png,진짜 또 꼴지..하기싫은데,,김옥독,img/okdok.png,06.12 16:36,https://www.sooplive.com/station/niniru/post/198454017
img/gg_title.png,오뱅공,,모야,img/moya.png,06.10 12:00,https://www.sooplive.com/station/neul0908/post/198251465
img/gg_title.png,6.9,,서라0,img/서라0.jpg,06.10 07:32,https://www.sooplive.com/station/o0opha/post/198244001
img/gg_title.png,6월 10일 공지 🌟,,다뮤,img/damu.jpeg,06.10 06:03,https://www.sooplive.com/station/not15987/post/198241873
https://stimg.sooplive.com/NORMAL_BBS/0/9174070/78826a2867b8d44fb.png,꾸한성 가족을 찾습니다.,,꾸티뉴,img/ggutinho.png,06.10 04:22,https://www.sooplive.com/station/aksen7833/post/198238101
img/gg_title.png,삐용삐용@_@,,임민트,img/mint.png,06.12 16:19,https://www.sooplive.com/station/mint616/post/198452991
img/gg_title.png,오늘 방송 6시10분,,냥쏘,img/nangsso.png,06.10 17:27,https://www.sooplive.com/station/leesoi34/post/198267903
img/gg_title.png,공지,,꾸티뉴,img/ggutinho.png,06.12 17:23,https://www.sooplive.com/station/aksen7833/post/198457289
img/gg_title.png,오늘의 방송후기,,리카,img/lika.png,06.10 02:36,https://www.sooplive.com/station/lika07/post/198232459
img/gg_title.png,0609(+수정),,임민트,img/mint.png,06.09 23:10,https://www.sooplive.com/station/mint616/post/198210303
img/gg_title.png,챈나룽 기간동안 API,,딴딴2당,img/ttanttan.jpeg,06.09 19:29,https://www.sooplive.com/station/dbsk0708/post/198186773
https://stimg.sooplive.com/NORMAL_BBS/9/24945919/26566a27dcaa080cc.png,(6/8~6/14)리카의 이번주 일정표,,리카,img/lika.png,06.09 18:29,https://www.sooplive.com/station/lika07/post/198181853
img/gg_title.png,밤뱅공 + 오늘 시네티 x,,바먀,img/baamya.png,06.09 17:58,https://www.sooplive.com/station/wooyah21/post/198179219
img/gg_title.png,6/9 공지,,윤타미,img/tami.png,06.09 17:59,https://www.sooplive.com/station/dbsthdus111/post/198179309
img/gg_title.png,오늘의 방송 6시입니다~!,,리카,img/lika.png,06.09 17:11,https://www.sooplive.com/station/lika07/post/198175465
img/gg_title.png,6.09,,딴딴2당,img/ttanttan.jpeg,06.09 17:06,https://www.sooplive.com/station/dbsk0708/post/198175123
img/gg_title.png,꾸한성,,서라0,img/서라0.jpg,06.12 16:20,https://www.sooplive.com/station/o0opha/post/198453029
img/gg_title.png,오뱅공,,모야,img/moya.png,06.09 16:39,https://www.sooplive.com/station/neul0908/post/198173229
https://stimg.sooplive.com/NORMAL_BBS/3/24894353/85546a27c213ce22e.png,챈나룽 방셀판매 안내,,엔쥬,img/enju.png,06.09 16:38,https://www.sooplive.com/station/northpole/post/198173109
img/gg_title.png,감블러님 감놀마크서버 신청했습니다,,냥쏘,img/nangsso.png,06.10 06:05,https://www.sooplive.com/station/leesoi34/post/198241937
https://stimg.sooplive.com/NORMAL_BBS/9/20194549/14946a27aff3affca.png,세시반쯤?!,,야무지,img/yamuzi.png,06.09 15:19,https://www.sooplive.com/station/land4968/post/198168835
img/gg_title.png,0609 ,,엔쥬,img/enju.png,06.09 14:35,https://www.sooplive.com/station/northpole/post/198166689
img/gg_title.png,공지,,꾸티뉴,img/ggutinho.png,06.09 13:21,https://www.sooplive.com/station/aksen7833/post/198163311
img/gg_title.png,뮤모닝 !,,다뮤,img/damu.jpeg,06.09 13:21,https://www.sooplive.com/station/not15987/post/198163297
img/gg_title.png,인터넷이 끈켯어오..,,냥쏘,img/nangsso.png,06.10 01:54,https://www.sooplive.com/station/leesoi34/post/198229041
img/gg_title.png,6.8,,서라0,img/서라0.jpg,06.09 05:29,https://www.sooplive.com/station/o0opha/post/198150691
https://stimg.sooplive.com/NORMAL_BBS/0/27438490/59406a271c0e8af39.png,6월 9일 공지 💃🏻,,다뮤,img/damu.jpeg,06.09 04:47,https://www.sooplive.com/station/not15987/post/198149377
img/gg_title.png,오늘 방송 5시30분,,냥쏘,img/nangsso.png,06.09 17:08,https://www.sooplive.com/station/leesoi34/post/198175295
https://stimg.sooplive.com/NORMAL_BBS/0/9174070/83426a2688a730c45.png,6월 9일 공지,,꾸티뉴,img/ggutinho.png,06.08 18:17,https://www.sooplive.com/station/aksen7833/post/198091989
https://stimg.sooplive.com/NORMAL_BBS/7/19708217/24796a2682bad1f4c.png,장기 휴방 공지,,김옥독,img/okdok.png,06.08 17:52,https://www.sooplive.com/station/niniru/post/198090307
img/gg_title.png,6/8 공지,,윤타미,img/tami.png,06.08 17:29,https://www.sooplive.com/station/dbsthdus111/post/198088865
img/gg_title.png,유설아님 철권 ㅈ밥CK 신청했습니다,,냥쏘,img/nangsso.png,06.08 17:29,https://www.sooplive.com/station/leesoi34/post/198088827
img/gg_title.png,오뱅공,,모야,img/moya.png,06.08 15:49,https://www.sooplive.com/station/neul0908/post/198082725
img/gg_title.png,6.08,,딴딴2당,img/ttanttan.jpeg,06.08 15:18,https://www.sooplive.com/station/dbsk0708/post/198081087
img/gg_title.png,어라..? ,,엔쥬,img/enju.png,06.08 14:45,https://www.sooplive.com/station/northpole/post/198079395
img/gg_title.png,밤뱅공! + 오늘 보이스 나오는 날!!!!!!!!!!,,바먀,img/baamya.png,06.08 14:52,https://www.sooplive.com/station/wooyah21/post/198079673
img/gg_title.png,세시 반,,야무지,img/yamuzi.png,06.08 14:22,https://www.sooplive.com/station/land4968/post/198078471
img/gg_title.png,0608,,임민트,img/mint.png,06.08 12:24,https://www.sooplive.com/station/mint616/post/198073929
img/gg_title.png,오늘 방송 6시,,냥쏘,img/nangsso.png,06.08 17:10,https://www.sooplive.com/station/leesoi34/post/198087449
img/gg_title.png,엉아들..,,서라0,img/서라0.jpg,06.11 02:36,https://www.sooplive.com/station/o0opha/post/198329941
https://stimg.sooplive.com/NORMAL_BBS/0/9174070/68876a25aee8eea62.jpeg,공지,,꾸티뉴,img/ggutinho.png,06.08 02:48,https://www.sooplive.com/station/aksen7833/post/198056269
img/gg_title.png,6월 8일 공지 🥔,,다뮤,img/damu.jpeg,06.08 04:02,https://www.sooplive.com/station/not15987/post/198060281
img/gg_title.png,오늘의 방송후기,,리카,img/lika.png,06.08 01:16,https://www.sooplive.com/station/lika07/post/198049191
img/gg_title.png,애교송콘테스트&운마카세 마크 시즌2 업해줘~!!!,,리카,img/lika.png,06.07 22:57,https://www.sooplive.com/station/lika07/post/198032223
img/gg_title.png,팬심M,,김옥독,img/okdok.png,06.07 22:31,https://www.sooplive.com/station/niniru/post/198028889
img/gg_title.png,공지,,꾸티뉴,img/ggutinho.png,06.07 20:52,https://www.sooplive.com/station/aksen7833/post/198016763
img/gg_title.png,6/7 공지,,윤타미,img/tami.png,06.07 18:12,https://www.sooplive.com/station/dbsthdus111/post/198001487
https://stimg.sooplive.com/NORMAL_BBS/6/19898916/51086a2534a149764.png,상득이가 ... 저를...,,난워니,img/nanana.png,06.07 18:07,https://www.sooplive.com/station/whiteone325/post/198001045
img/gg_title.png,오늘의 방송 6시입니다~,,리카,img/lika.png,06.07 17:49,https://www.sooplive.com/station/lika07/post/197999563
https://stimg.sooplive.com/NORMAL_BBS/0/20659830/77096a2572a018d1b.png,🎰: 크롭티/상어/니트리본 (~6/30),,냥쏘,img/nangsso.png,06.07 22:41,https://www.sooplive.com/station/leesoi34/post/198030277
img/gg_title.png,6시,,야무지,img/yamuzi.png,06.07 15:47,https://www.sooplive.com/station/land4968/post/197990089
https://stimg.sooplive.com/NORMAL_BBS/4/28053644/77606a2514878c44f.png,밤뱅공! +시네티 상영회 ㅎㅅㅎ,,바먀,img/baamya.png,06.07 15:50,https://www.sooplive.com/station/wooyah21/post/197990255
img/gg_title.png,0607 오늘방송,,김옥독,img/okdok.png,06.07 15:49,https://www.sooplive.com/station/niniru/post/197990233
img/gg_title.png,0607 g,,엔쥬,img/enju.png,06.07 15:25,https://www.sooplive.com/station/northpole/post/197988581
img/gg_title.png,공지,,꾸티뉴,img/ggutinho.png,06.07 14:55,https://www.sooplive.com/station/aksen7833/post/197986453
img/gg_title.png,0607,,임민트,img/mint.png,06.07 11:28,https://www.sooplive.com/station/mint616/post/197975621
img/gg_title.png,6월 7일 공지 🌟,,다뮤,img/damu.jpeg,06.07 05:12,https://www.sooplive.com/station/not15987/post/197964363
img/gg_title.png,6.6,,서라0,img/서라0.jpg,06.07 04:31,https://www.sooplive.com/station/o0opha/post/197962303
img/gg_title.png,오늘의 방송후기,,리카,img/lika.png,06.07 02:04,https://www.sooplive.com/station/lika07/post/197951201
https://stimg.sooplive.com/NORMAL_BBS/1/16707481/62556a23f3615a00e.png,송별회 포스터 ! 'ㅁ',,딴딴2당,img/ttanttan.jpeg,06.06 19:16,https://www.sooplive.com/station/dbsk0708/post/197907563
img/gg_title.png,밥이지굼와서,,딴딴2당,img/ttanttan.jpeg,06.06 18:57,https://www.sooplive.com/station/dbsk0708/post/197905639
img/gg_title.png,6/6 공지,,윤타미,img/tami.png,06.06 18:57,https://www.sooplive.com/station/dbsthdus111/post/197905615
img/gg_title.png,6.06,,딴딴2당,img/ttanttan.jpeg,06.06 18:16,https://www.sooplive.com/station/dbsk0708/post/197902141
https://stimg.sooplive.com/NORMAL_BBS/9/24945919/89996a23dd8c8340e.png,오늘의 방송 7시입니다!(+꾸한성 송별회),,리카,img/lika.png,06.06 17:45,https://www.sooplive.com/station/lika07/post/197899573
https://stimg.sooplive.com/NORMAL_BBS/3/24894353/53226a23ebbf38bb5.png,0606 주말뱅,,엔쥬,img/enju.png,06.06 17:28,https://www.sooplive.com/station/northpole/post/197898205
img/gg_title.png,마크가 하고시퍼가,,임민트,img/mint.png,06.06 17:38,https://www.sooplive.com/station/mint616/post/197898993
img/gg_title.png,0606 공지수정,,임민트,img/mint.png,06.06 16:03,https://www.sooplive.com/station/mint616/post/197891769
img/gg_title.png,공지,,꾸티뉴,img/ggutinho.png,06.06 14:53,https://www.sooplive.com/station/aksen7833/post/197887507
img/gg_title.png,4시쯤,,야무지,img/yamuzi.png,06.06 15:02,https://www.sooplive.com/station/land4968/post/197888001
https://stimg.sooplive.com/NORMAL_BBS/4/28053644/30106a23b82785f01.png,밤뱅공! + 현충원 잘 다녀왔슴니댜 :>,,바먀,img/baamya.png,06.06 15:04,https://www.sooplive.com/station/wooyah21/post/197888135
https://stimg.sooplive.com/NORMAL_BBS/1/3614681/48506a2386b26604b.png,6월 6일,,임민트,img/mint.png,06.06 11:52,https://www.sooplive.com/station/mint616/post/197878443
https://stimg.sooplive.com/NORMAL_BBS/7/19708217/58096a2345257fc1b.jpg,0606 오늘방송 레전드임,,김옥독,img/okdok.png,06.06 06:55,https://www.sooplive.com/station/niniru/post/197870723
https://stimg.sooplive.com/NORMAL_BBS/0/27438490/26906a231f9c0b01b.png,6월 6일 공지 🐤,,다뮤,img/damu.jpeg,06.06 04:17,https://www.sooplive.com/station/not15987/post/197865499
img/gg_title.png,오늘의 방송후기,,리카,img/lika.png,06.06 03:21,https://www.sooplive.com/station/lika07/post/197862311
img/gg_title.png,6.05,,딴딴2당,img/ttanttan.jpeg,06.05 20:43,https://www.sooplive.com/station/dbsk0708/post/197818411
img/gg_title.png,[중력의 놀이터] 하 중력오빠가...,,난워니,img/nanana.png,06.05 20:17,https://www.sooplive.com/station/whiteone325/post/197815657
img/gg_title.png,0605,,임민트,img/mint.png,06.05 17:19,https://www.sooplive.com/station/mint616/post/197800443
img/gg_title.png,6.5,,딴딴2당,img/ttanttan.jpeg,06.05 14:41,https://www.sooplive.com/station/dbsk0708/post/197790593
img/gg_title.png,오늘의 방송 2시 40분입니다~!,,리카,img/lika.png,06.05 14:29,https://www.sooplive.com/station/lika07/post/197790047
https://stimg.sooplive.com/NORMAL_BBS/9/20194549/81936a22503816201.jpeg,슬슬,,야무지,img/yamuzi.png,06.05 13:28,https://www.sooplive.com/station/land4968/post/197787161
img/gg_title.png,0605,,엔쥬,img/enju.png,06.05 12:24,https://www.sooplive.com/station/northpole/post/197784233
img/gg_title.png,밤뱅공!!,,바먀,img/baamya.png,06.05 11:43,https://www.sooplive.com/station/wooyah21/post/197782495
img/gg_title.png,6/5 공지,,윤타미,img/tami.png,06.05 12:07,https://www.sooplive.com/station/dbsthdus111/post/197783533
img/gg_title.png,0605,,임민트,img/mint.png,06.05 11:28,https://www.sooplive.com/station/mint616/post/197782013
img/gg_title.png,오늘 방송 12시30분,,냥쏘,img/nangsso.png,06.05 11:38,https://www.sooplive.com/station/leesoi34/post/197782345
img/gg_title.png,공지,,꾸티뉴,img/ggutinho.png,06.05 08:11,https://www.sooplive.com/station/aksen7833/post/197776101
img/gg_title.png,6월 5일 공지 💙,,다뮤,img/damu.jpeg,06.05 04:19,https://www.sooplive.com/station/not15987/post/197768759
img/gg_title.png,엄.......흠..냐,,김옥독,img/okdok.png,06.05 04:34,https://www.sooplive.com/station/niniru/post/197769449
img/gg_title.png,📢 러스트 API 방셀 관련 공지,,윤타미,img/tami.png,06.05 03:14,https://www.sooplive.com/station/dbsthdus111/post/197764939
img/gg_title.png,우리 마야쿠 도와주세요 ! ! 20분 ㄴ남았습니당 up 부탁드립니당,,딴딴2당,img/ttanttan.jpeg,06.04 23:42,https://www.sooplive.com/station/dbsk0708/post/197743197
img/gg_title.png,챈나룽! 마지막 1시간 30분전이네요,,난워니,img/nanana.png,06.04 22:45,https://www.sooplive.com/station/whiteone325/post/197736391
img/gg_title.png,오늘의 방송후기,,리카,img/lika.png,06.04 22:29,https://www.sooplive.com/station/lika07/post/197734481
img/gg_title.png,님들 큰일났어요,,엔쥬,img/enju.png,06.04 22:04,https://www.sooplive.com/station/northpole/post/197731267
img/gg_title.png,공지,,꾸티뉴,img/ggutinho.png,06.04 21:31,https://www.sooplive.com/station/aksen7833/post/197727261
https://stimg.sooplive.com/NORMAL_BBS/6/19898916/96066a216ad4eba02.png,9시 30분 벽골내기 참여합니다!! (도와줘..!!!),,난워니,img/nanana.png,06.04 21:09,https://www.sooplive.com/station/whiteone325/post/197724675
https://stimg.sooplive.com/NORMAL_BBS/4/28053644/51296a216f45a87f9.jpg,헷,,바먀,img/baamya.png,06.04 21:29,https://www.sooplive.com/station/wooyah21/post/197727089
img/gg_title.png,이거야 애드라,,난워니,img/nanana.png,06.04 20:45,https://www.sooplive.com/station/whiteone325/post/197722013
img/gg_title.png,6/4 공지,,윤타미,img/tami.png,06.04 19:42,https://www.sooplive.com/station/dbsthdus111/post/197715681
https://stimg.sooplive.com/NORMAL_BBS/9/24945919/42926a214ba7408f0.png,(6/1~6/7)리카의 이번주 일정표,,리카,img/lika.png,06.04 18:56,https://www.sooplive.com/station/lika07/post/197711377
img/gg_title.png,6.4,,딴딴2당,img/ttanttan.jpeg,06.04 18:12,https://www.sooplive.com/station/dbsk0708/post/197707653
img/gg_title.png,오늘 방송 6시15분,,냥쏘,img/nangsso.png,06.04 17:48,https://www.sooplive.com/station/leesoi34/post/197705745
img/gg_title.png,0604,,임민트,img/mint.png,06.04 17:34,https://www.sooplive.com/station/mint616/post/197704595
img/gg_title.png,오늘의 방송 1시 45분입니다~!,,리카,img/lika.png,06.04 13:41,https://www.sooplive.com/station/lika07/post/197691477
img/gg_title.png,6.4,,딴딴2당,img/ttanttan.jpeg,06.04 13:37,https://www.sooplive.com/station/dbsk0708/post/197691325
https://stimg.sooplive.com/NORMAL_BBS/9/20194549/12266a20d12dc939e.jpeg,1시 30뷴!?,,야무지,img/yamuzi.png,06.04 10:15,https://www.sooplive.com/station/land4968/post/197683705
img/gg_title.png,0604,,엔쥬,img/enju.png,06.04 10:03,https://www.sooplive.com/station/northpole/post/197683379
img/gg_title.png,생각해보니까,,김옥독,img/okdok.png,06.04 08:42,https://www.sooplive.com/station/niniru/post/197681523
img/gg_title.png,린코님 러스트 UP부탁드립니다,,냥쏘,img/nangsso.png,06.04 05:18,https://www.sooplive.com/station/leesoi34/post/197676811
img/gg_title.png,아 ? 맞다 공지 !,,다뮤,img/damu.jpeg,06.04 04:12,https://www.sooplive.com/station/not15987/post/197674163
img/gg_title.png,음주벽킬 입장 쪼끔씩만 도와주실분 ;ㅁ;,,딴딴2당,img/ttanttan.jpeg,06.06 20:24,https://www.sooplive.com/station/dbsk0708/post/197914127
img/gg_title.png,오늘의 방송후기,,리카,img/lika.png,06.04 01:50,https://www.sooplive.com/station/lika07/post/197664717
https://stimg.sooplive.com/NORMAL_BBS/1/3614681/92296a2040d0bf2b4.png,걷기인중+ 내일방송공지,,임민트,img/mint.png,06.04 00:05,https://www.sooplive.com/station/mint616/post/197652111
img/gg_title.png,봉준님 마크 서버 신청했습니당!(다시 재업),,리카,img/lika.png,06.06 22:53,https://www.sooplive.com/station/lika07/post/197930465
img/gg_title.png,공지,,꾸티뉴,img/ggutinho.png,06.03 22:51,https://www.sooplive.com/station/aksen7833/post/197642861
img/gg_title.png,봉준님 마크 서버 신청했습니당!,,리카,img/lika.png,06.06 21:56,https://www.sooplive.com/station/lika07/post/197924245
img/gg_title.png,0603,,엔쥬,img/enju.png,06.03 20:55,https://www.sooplive.com/station/northpole/post/197628135
img/gg_title.png,다 어디갔어..이거 몰카야?,,김옥독,img/okdok.png,06.06 16:07,https://www.sooplive.com/station/niniru/post/197892101
img/gg_title.png,오랜만에 오락실 애들끼리 모였어요 도와주세요!!,,김옥독,img/okdok.png,06.06 16:00,https://www.sooplive.com/station/niniru/post/197891563
img/gg_title.png,6/3 공지,,윤타미,img/tami.png,06.03 19:13,https://www.sooplive.com/station/dbsthdus111/post/197616111
img/gg_title.png,오늘의 방송 6시 10분입니다~!(+풀트뱅),,리카,img/lika.png,06.03 18:08,https://www.sooplive.com/station/lika07/post/197609545
img/gg_title.png,공지,,꾸티뉴,img/ggutinho.png,06.03 18:01,https://www.sooplive.com/station/aksen7833/post/197608869
img/gg_title.png,오늘 2부 없습니당,,김옥독,img/okdok.png,06.03 17:49,https://www.sooplive.com/station/niniru/post/197607787
img/gg_title.png,뿌우우우우 밤뱅공!,,바먀,img/baamya.png,06.03 12:45,https://www.sooplive.com/station/wooyah21/post/197587199
img/gg_title.png,공지 변경 !,,임민트,img/mint.png,06.03 11:54,https://www.sooplive.com/station/mint616/post/197585019
img/gg_title.png,고세구님 미니홈피 노래대회 UP 부탁드립니다,,냥쏘,img/nangsso.png,06.03 22:43,https://www.sooplive.com/station/leesoi34/post/197641913
img/gg_title.png,오늘의 방송후기,,리카,img/lika.png,06.03 06:33,https://www.sooplive.com/station/lika07/post/197574809
img/gg_title.png,6월 3일 공지 🐤,,다뮤,img/damu.jpeg,06.03 04:12,https://www.sooplive.com/station/not15987/post/197569257
img/gg_title.png,6.2,,서라0,img/서라0.jpg,06.03 04:30,https://www.sooplive.com/station/o0opha/post/197570231
img/gg_title.png,오늘 방송 9시,,냥쏘,img/nangsso.png,06.03 20:01,https://www.sooplive.com/station/leesoi34/post/197621493
img/gg_title.png,오늘부터,,김옥독,img/okdok.png,06.03 01:56,https://www.sooplive.com/station/niniru/post/197558887
img/gg_title.png,6월 3일 방송공지 (야구중계있음),,임민트,img/mint.png,06.03 01:02,https://www.sooplive.com/station/mint616/post/197553031
img/gg_title.png,공지,,꾸티뉴,img/ggutinho.png,06.02 22:22,https://www.sooplive.com/station/aksen7833/post/197532987
img/gg_title.png,꾸한성은 보아라,,꾸티뉴,img/ggutinho.png,06.02 22:06,https://www.sooplive.com/station/aksen7833/post/197530955
https://stimg.sooplive.com/NORMAL_BBS/9/20194549/90366a1ecd5045998.jpeg,10시,,야무지,img/yamuzi.png,06.02 21:33,https://www.sooplive.com/station/land4968/post/197527023
img/gg_title.png,6/2 공지,,윤타미,img/tami.png,06.02 20:48,https://www.sooplive.com/station/dbsthdus111/post/197521591
img/gg_title.png,6.2 휴방공지,,딴딴2당,img/ttanttan.jpeg,06.02 19:08,https://www.sooplive.com/station/dbsk0708/post/197510541
img/gg_title.png,ㅂ ㅣ -  ㅅ ㅏ ㅇ 🚨,,다뮤,img/damu.jpeg,06.02 18:19,https://www.sooplive.com/station/not15987/post/197505983
img/gg_title.png,오늘의방송 6시입니다~!,,리카,img/lika.png,06.02 17:07,https://www.sooplive.com/station/lika07/post/197499731